{"cameraMode":{"drawMode":0,"name":"Shaded","section":"Shading Mode"},"sceneLighting":true,"audioPlay":false,"sceneViewState":{"m_AlwaysRefresh":false,"showFog":true,"showSkybox":true,"showFlares":true,"showImageEffects":true,"showParticleSystems":true,"showVisualEffectGraphs":true,"m_FxEnabled":true},"in2DMode":false,"pivot":{"x":-4.783936977386475,"y":2.0573041439056398,"z":-6.160803318023682},"rotation":{"x":0.057511765509843829,"y":0.9026786684989929,"z":-0.1275808960199356,"w":0.40703022480010989},"size":0.8660253882408142,"orthographic":false}