{"cameraMode":{"drawMode":0,"name":"Shaded","section":"Shading Mode"},"sceneLighting":true,"audioPlay":false,"sceneViewState":{"m_AlwaysRefresh":false,"showFog":true,"showSkybox":true,"showFlares":true,"showImageEffects":true,"showParticleSystems":true,"showVisualEffectGraphs":true,"m_FxEnabled":true},"in2DMode":false,"pivot":{"x":-1.1766259670257569,"y":0.40031522512435915,"z":1.2053457498550416},"rotation":{"x":0.0027366559952497484,"y":-0.9949752688407898,"z":0.09612301737070084,"w":0.02834022231400013},"size":1.5729117393493653,"orthographic":false}