{"cameraMode":{"drawMode":0,"name":"Shaded","section":"Shading Mode"},"sceneLighting":false,"audioPlay":false,"sceneViewState":{"m_AlwaysRefresh":false,"showFog":true,"showSkybox":false,"showFlares":true,"showImageEffects":true,"showParticleSystems":true,"showVisualEffectGraphs":true,"m_FxEnabled":true},"in2DMode":false,"pivot":{"x":1.6100000143051148,"y":0.227308988571167,"z":-0.09170925617218018},"rotation":{"x":0.13446292281150819,"y":-0.4046664834022522,"z":0.060291096568107608,"w":0.9025231003761292},"size":1.8759875297546387,"orthographic":false}