{"cameraMode":{"drawMode":0,"name":"Shaded","section":"Shading Mode"},"sceneLighting":false,"audioPlay":false,"sceneViewState":{"m_AlwaysRefresh":false,"showFog":true,"showSkybox":false,"showFlares":true,"showImageEffects":true,"showParticleSystems":true,"showVisualEffectGraphs":true,"m_FxEnabled":true},"in2DMode":false,"pivot":{"x":13.520179748535157,"y":4.810807228088379,"z":-2.2446529865264894},"rotation":{"x":0.08240437507629395,"y":0.01015035342425108,"z":-0.0008397457422688603,"w":0.9965692162513733},"size":0.8660253882408142,"orthographic":false}