{"cameraMode":{"drawMode":0,"name":"Shaded","section":"Shading Mode"},"sceneLighting":true,"audioPlay":false,"sceneViewState":{"m_AlwaysRefresh":false,"showFog":true,"showSkybox":true,"showFlares":true,"showImageEffects":true,"showParticleSystems":true,"showVisualEffectGraphs":true,"m_FxEnabled":true},"in2DMode":false,"pivot":{"x":0.8416698575019836,"y":5.542199611663818,"z":8.584278106689454},"rotation":{"x":0.061424773186445239,"y":0.9385333061218262,"z":-0.24555149674415589,"w":0.23476427793502809},"size":0.8660253882408142,"orthographic":false}