{"cameraMode":{"drawMode":0,"name":"Shaded","section":"Shading Mode"},"sceneLighting":false,"audioPlay":false,"sceneViewState":{"m_AlwaysRefresh":false,"showFog":true,"showSkybox":false,"showFlares":true,"showImageEffects":true,"showParticleSystems":true,"showVisualEffectGraphs":true,"m_FxEnabled":true},"in2DMode":false,"pivot":{"x":1.7029719352722169,"y":2.028679609298706,"z":1.4106664657592774},"rotation":{"x":-0.09548328816890717,"y":0.8302263617515564,"z":-0.15005514025688172,"w":-0.5282908082008362},"size":3.4959816932678224,"orthographic":false}