{"cameraMode":{"drawMode":0,"name":"Shaded","section":"Shading Mode"},"sceneLighting":false,"audioPlay":false,"sceneViewState":{"m_AlwaysRefresh":false,"showFog":true,"showSkybox":false,"showFlares":true,"showImageEffects":true,"showParticleSystems":true,"showVisualEffectGraphs":true,"m_FxEnabled":true},"in2DMode":false,"pivot":{"x":-1.1901353597640992,"y":0.44494953751564028,"z":11.579678535461426},"rotation":{"x":-0.006715836469084024,"y":0.9930989742279053,"z":-0.09202271699905396,"w":-0.07251383364200592},"size":1.9352562427520753,"orthographic":false}